AA,AAME,AAWW,ABG,ACH,ACLS,ACM,ADC,ADM,ADUS,AE,AEE,AEG,AEIS,AEP,AER,AGYS,ARI,AVNW,BAC,CCM,CCRN,CENT,ERII,ETN,HTH,IDA,IEP,IMOS,INDB,INFI,MT,NBR,NBTB,NC,REG,RELL,SRT,STC,TNK
4042.1132220473623,5047.424104446132,6041.078342976148,33090.03754789271,1077.3288271223857,30657.893914473592,6409.51293550591,14283.832442623496,7421.557416581785,24582.019453207053,4104.547131149851,12990.61867317755,2773.6204663095996,14086.725054265245,10099.453068482158,15561.369647954385,11518.134455958574,6356.773624749708,1794.1835169086503,7651.334146553226,961.4979676817445,6953.907815631258,12963.05443349751,7642.2475106685715,18777.551079698158,7969.803814477759,12528.975973386894,8256.385585764538,52321.353784086285,13013.802414391488,943.7919463087275,654.8508210977967,181.392366495959,7126.397292241379,30850.59628336829,8401.861079603917,6577.310033378366,1623.1343283582069,22054.992584540512,693.2540226986882
