0,AA,AAWW,ABG,ACH,ACLS,ACM,ADC,ADM,ADUS,AEE,AEG,AEIS,AEP,AER,AGYS,BAC,CCM,CENT,ERII,ETN,HTH,IDA,IEP,IMOS,INDB,INFI,MT,NBR,NBTB,NC,REG,RELL,SRT,STC,TNK
Terminal value,2474.5397876251122,2089.534153610212,3701.565740115439,1719.5878224733574,2018.4770149253732,2335.971521044411,2955.989985223351,2559.423488359605,3658.6479207920793,3367.5742023022817,2133.9260838891273,1776.7592783195516,3220.031606378194,2648.135206225682,4114.09607142857,1718.6753808021851,1513.648959088378,2442.305249999999,2508.9013296398894,3088.890184706328,2202.3781410210513,3294.2269341451743,3340.3375122658736,2774.721424713296,3463.7330686798787,4075.776774193551,1861.008509840081,2650.243750178002,2977.1368754040695,2460.791808187356,2819.69734883594,3541.306259244415,1888.7343750000002,2729.0836205519554,1323.9027568220833
Standard Deviation,0.37897323111545694,0.5876438777481281,0.3842550344349194,0.5068263066334929,0.8132234892648058,0.37081998499227176,0.34370121213077204,0.2757313956699484,0.4844407856492285,0.17459206355101078,0.5045712713318662,0.4935147332320457,0.1487872045505244,0.3934730719370285,0.7162814435672561,0.4205461061740365,0.4499157446515647,0.4266340267747205,0.5503917180285751,0.3732100151685316,0.19491051133227977,0.15451985309384375,0.2720484684145938,0.5176867643610942,0.33772508304969706,0.5735601956728144,0.5356814836606493,0.532092135362458,0.24835153791153977,0.5111491613675357,0.286367908932879,0.22176473130720237,0.4689487778948731,0.26832676560777746,0.43333987456248496
